{
  "name": "rqg",
  "title": "Runequest Glorantha",
  "description": "",
  "version": "0.1.0",
  "author": "Wake",
  "authors": [
    {
      "name": "",
      "email": "",
      "url": ""
    }
  ],
  "scripts": [],
  "esmodules": [
    "rqg.js"
  ],
  "styles": [
    "styles/rqg.css"
  ],
  "packs": [],
  "languages": [],
  "gridDistance": 1,
  "gridUnits": "m",
  "minimumCoreVersion": "0.5.0",
  "compatibleCoreVersion": "0.5.0",
  "url": "https://github.com/wake42/foundry-vtt-rqg",
  "manifest": "https://raw.githubusercontent.com/wake42/foundry-vtt-rqg/master/src/system.json",
  "download": "",
  "license": "",
  "readme": "",
  "bugs": "",
  "changelog": ""
}
