{
  "name": "rqg",
  "title": "Runequest Glorantha (Unofficial)",
  "description": "The Runequest Glorantha (Unofficial) system for FoundryVTT!",
  "version": "0.1.0",
  "author": "Wake",
  "authors": [
    {
      "name": "",
      "email": "",
      "url": ""
    }
  ],
  "scripts": [],
  "esmodules": [
    "rqg.js"
  ],
  "styles": [
    "rqg.css"
  ],
  "packs": [],
  "languages": [
    {
      "lang": "en",
      "name": "English",
      "path": "i18n/en.json"
    }
  ],
  "gridDistance": 1,
  "gridUnits": "m",
  "minimumCoreVersion": "0.6.5",
  "compatibleCoreVersion": "0.6.5",
  "url": "https://github.com/wake42/foundry-vtt-rqg",
  "manifest": "https://raw.githubusercontent.com/wake42/foundry-vtt-rqg/master/src/system.json",
  "download": "https://raw.githubusercontent.com/wake42/foundry-vtt-rqg/master/releases/rqg-v0.1.0.zip",
  "license": "",
  "readme": "",
  "bugs": "",
  "changelog": ""
}
