{"Actor":{"types":["character"],"character":{"characteristics":{"strength":{"value":0},"constitution":{"value":0},"size":{"value":0},"dexterity":{"value":0},"intelligence":{"value":0},"power":{"value":0,"experience":false},"charisma":{"value":0}},"hitLocations":{"head":{"dieFrom":19,"dieTo":20,"hp":{"value":0},"wounds":[],"ap":0},"leftArm":{"dieFrom":16,"dieTo":18,"hp":{"value":0},"wounds":[],"ap":0},"rightArm":{"dieFrom":13,"dieTo":15,"hp":{"value":0},"wounds":[],"ap":0},"chest":{"dieFrom":12,"dieTo":12,"hp":{"value":0},"wounds":[],"ap":0},"abdomen":{"dieFrom":9,"dieTo":11,"hp":{"value":0},"wounds":[],"ap":0},"leftLeg":{"dieFrom":5,"dieTo":8,"hp":{"value":0},"wounds":[],"ap":0},"rightLeg":{"dieFrom":1,"dieTo":4,"hp":{"value":0},"wounds":[],"ap":0}},"attributes":{"magicPoints":{"value":0},"hitPoints":{"value":0}},"elements":{"fire":{"value":0},"darkness":{"value":0},"water":{"value":0},"earth":{"value":0},"air":{"value":0},"moon":{"value":0}},"powers":{"man":{"value":0},"beast":{"value":0},"fertility":{"value":0},"death":{"value":0},"harmony":{"value":0},"disorder":{"value":0},"truth":{"value":0},"illusion":{"value":0},"stasis":{"value":0},"movement":{"value":0}},"background":{},"race":"humanoid"}},"Item":{"types":["skill","passion","weapon"],"skill":{"category":"Agility","baseChance":0,"value":0,"experience":false},"passion":{"passion":"love","description":"","value":0,"experience":false},"weapon":{"description":"","damage":"","strikeRank":0,"quantity":1,"encumbrance":1,"hitPoints":{"value":0}}}}